"text_string"	"ignore"	"alias_to"	"lang"
"d artagnan"	1		"en"
"broadway"	0	"broadway new york"	"en"
"parliament"	0	"westminster hall"	"en"
"urdu"	1		"en"
"metro"	1		"en"
"duca"	1		"en"
"idabel"	1		"en"
"hera"	1		"en"
"philistines"	1		"en"
"bro"	1		"en"
"capitol"	0	"united states capitol building washington dc"	"en"
"washington"	0	"washington dc"	"en"
"earth"	1		"en"
"states"	0	"united states"	"en"
"mars"	1		"en"
"atlantic"	0	"atlantic ocean"	"en"
"pacific"	0	"pacific ocean"	"en"
"sioux"	0	"big sioux river sd"	"en"
"cal"	1	"california usa"	"en"
"hudson"	0	"hudson river ny"	"en"
"palestine"	0	"israel"	"en"
"aurora"	1		"en"
"mediterranean"	0	"mediterranean sea"	"en"
"jupiter"	1		"en"
"naples"	0	"naples italy"	"en"
"columbia"	0	"columbia university new york"	"en"
"babylon"	0	"hillah babylon iraq"	"en"
"wales"	0	"wales uk"	"en"
"portland"	0	"portland maine"	"en"
"potomac"	0	"potomac river"	"en"
"galilee"	0	"israel"	"en"
"valley"	1		"en"
"della street"	1		"en"
"west point"	0	"west point ny"	"en"
"myrtle"	1		"en"
"city hall"	1		"en"
"soviet union"	0	"russia"	"en"
"cape"	1		"en"
"siberia"	0	"russia"	"en"
"saratoga"	0	"saratoga springs ny"	"en"
"bethlehem"	0	"bethlehem israel"	"en"
"gulf"	1		"en"
"flora"	1		"en"
"tarma"	1		"en"
"olivia"	1		"en"
"rockies"	0	"rocky mountains"	"en"
"bay"	1		"en"
"wayland"	1		"en"
"east side"	0	"manhattan"	"en"
"rio grande"	0	"rio grande river texas usa"	"en"
"republic"	0	"united states"	"en"
"orient"	0	"asia"	"en"
"lake"	1		"en"
"pluto"	1		"en"
"esq "	1		"en"
"dakota"	0	"south dakota"	"en"
"carolina"	0	"north carolina"	"en"
"moon"	1		"en"
"pearl"	1		"en"
"rhine"	0	"river rhein"	"en"
"creek"	1		"en"
"neptune"	1		"en"
"iola"	1		"en"
"frisco"	0	"san francisco ca"	"en"
"santa"	1		"en"
"ailsa"	1		"en"
"island"	1		"en"
"jericho"	0	"israel"	"en"
"waterloo"	0	"waterloo belgium"	"en"
"sulu"	1		"en"
"east river"	0	"east river new york"	"en"
"square"	1		"en"
"jamestown"	0	"jamestown va"	"en"
"georgetown"	0	"georgetown dc us"	"en"
"west side"	0	"manhattan"	"en"
"bohemia"	0	"czech republic"	"en"
"padre"	1		"en"
"sweetwater"	0	"sweetwater nj"	"en"
"christendom"	1		"en"
"judea"	0	"israel"	"en"
"amazon"	0	"amazon river"	"en"
"thebes"	0	"thebes greece"	"en"
"niagara"	0	"niagara river"	"en"
"vancouver"	0	"vancouver canada"	"en"
"jefferson"	1		"en"
"new world"	0	"americas"	"en"
"concord"	0	"concord mass "	"en"
"blacky"	1		"en"
"alamo"	0	"alamo san antonio"	"en"
"riviera"	0	"french riviera"	"en"
"mount"	1		"en"
"san juan"	0	"san juan puerto rico"	"en"
"rostov"	1		"en"
"twisp"	1		"en"
"yorkshire"	0	"yorkshire england"	"en"
"trinidad"	0	"trinidad and tobago"	"en"
"antioch"	0	"antakya turkey"	"en"
"santa claus"	1		"en"
"kingdom"	1		"en"
"jonesville"	1		"en"
"tarsus"	0	"tarsus turkey"	"en"
"arcadia"	1		"en"
"nassau"	0	"nassau street new york ny"	"en"
"old city"	1		"en"
"garden"	1		"en"
"st peter"	1		"en"
"seneca"	0	"seneca ny"	"en"
"marina"	1		"en"
"odessa"	0	"odessa"	"en"
"fort"	1		"en"
"platte"	0	"platte river"	"en"
"third avenue"	0	"manhattan"	"en"
"ardmore"	1		"en"
"louis"	1		"en"
"carthage"	0	"tunis"	"en"
"taliesin"	1		"en"
"prussia"	0	"germany"	"en"
"spock"	1		"en"
"gipsy"	1		"en"
"canaan"	0	"israel"	"en"
"wabash"	0	"wabash river"	"en"
"gracie"	1		"en"
"rio"	0	"rio janeiro"	"en"
"smyrna"	0	"smyrna turkey"	"en"
"czechoslovakia"	0	"czech republic"	"en"
"westchester"	0	"westchester county"	"en"
"newfoundland"	0	"newfoundland canada"	"en"
"ephesus"	0	"selcuk turkey"	"en"
"bethel"	1		"en"
"louvre"	0	"musee du louvre paris france"	"en"
"thames"	0	"river thames"	"en"
"raintree county"	1		"en"
"cyrene"	1		"en"
"philip"	1		"en"
"golden gate"	0	"golden gate bridge"	"en"
"navarre"	0	"navarre spain"	"en"
"sparta"	0	"sparta greece"	"en"
"sahara"	0	"africa"	"en"
"frankfort"	0	"frankfurt germany"	"en"
"palatine"	1		"en"
"spencer"	1		"en"
"great hall"	1		"en"
"holy city"	1		"en"
"hyde park"	0	"hyde park london"	"en"
"union square"	0	"union square park"	"en"
"melbourne"	0	"melbourne australia"	"en"
"wolfville"	1		"en"
"capitola"	1		"en"
"navajo"	1		"en"
"islands"	1		"en"
"st george"	1		"en"
"wall street"	0	"wall street new york"	"en"
"charlestown"	0	"charleston south carolina"	"en"
"sidon"	0	"sidon lebanon"	"en"
"provence"	0	"mount washington nh"	"en"
"squire"	1		"en"
"san domingo"	0	"santo domingo dominican republic"	"en"
"sethe"	1		"en"
"st germain"	0	"blvd st germain paris"	"en"
"washington city"	0	"washington dc"	"en"
"ganymede"	1		"en"
"carlotta"	1		"en"
"far east"	0	"asia"	"en"
"second avenue"	0	"second avenue new york city"	"en"
"sierras"	0	"sierra california"	"en"
"boynton"	1		"en"
"mount vernon"	0	"mount vernon va"	"en"
"town hall"	1		"en"
"piedmont"	0	"italy piedmont"	"en"
"state street"	1		"en"
"mohawk"	0	"mohawk river"	"en"
"new france"	0	"north america"	"en"
"lexington avenue"	0	"lexington ave new york ny"	"en"
"samaria"	0	"israel"	"en"
"etc "	1		"en"
"tiberias"	0	"tiberias israel"	"en"
"belton"	1		"en"
"chur"	1		"en"
"susquehanna"	0	"susquehanna river usa"	"en"
"isles"	1		"en"
"washington street"	1		"en"
"monticello"	0	"charlottesville"	"en"
"park"	1		"en"
"boulevard"	1		"en"
"pennsylvania avenue"	0	"pennsylvania avenue washington"	"en"
"pompeii"	0	"pompei italy"	"en"
"messala"	1		"en"
"moab"	0	"jordan"	"en"
"dead sea"	0	"dead sea jordan"	"en"
"brook"	1		"en"
"vogue"	1		"en"
"sardis"	0	"sart turkey"	"en"
"river"	1		"en"
"cheshire"	0	"cheshire west and chester england uk"	"en"
"montmartre"	0	"paris france"	"en"
"south pacific"	0	"pacific ocean"	"en"
"oval office"	0	"washington dc"	"en"
"shenandoah"	0	"shenandoah river"	"en"
"st lawrence"	0	"st lawrence river"	"en"
"carolinas"	0	"north carolina"	"en"
"marin"	0	"marin county"	"en"
"alhambra"	0	"alhambra spain"	"en"
"pacific coast"	0	"california usa"	"en"
"miranda"	1		"en"
"siena"	0	"sienna"	"en"
"jaffa"	0	"tel aviv israel"	"en"
"tiber"	0	"tiber river italy"	"en"
"moultrie"	0	"fort moultrie"	"en"
"wye"	0	"river wye uk"	"en"
"west end"	0	"london"	"en"
"assyria"	0	"iraq"	"en"
"new amsterdam"	0	"new york city ny"	"en"
"gaul"	0	"france"	"en"
"castile"	0	"castile spain"	"en"
"manchuria"	0	"china"	"en"
"merrimac"	0	"merrimack river"	"en"
"palisades"	0	"palisades ny"	"en"
"gethsemane"	0	"jerusalem israel"	"en"
"adriatic"	0	"adriatic sea"	"en"
"joppa"	0	"tel aviv israel"	"en"
"south seas"	0	"pacific ocean"	"en"
"sierra"	0	"sierra california"	"en"
"south sea"	0	"pacific ocean"	"en"
"tigris"	0	"tigris river"	"en"
"avon"	0	"stratford on avon"	"en"
"san jacinto"	0	"houston texas"	"en"
"manhattan island"	0	"manhattan"	"en"
"attica"	0	"greece"	"en"
"safed"	0	"birya israel"	"en"
"ganges"	0	"kolkata india"	"en"
"golconda"	0	"hyderabad india"	"en"
"philistine"	1		"en"
"back bay"	0	"boston ma"	"en"
"pompey"	0	"pompeii"	"en"
"hillsboro"	0	"hillsboro ohio"	"en"
"sheba"	0	"yemen"	"en"
"patagonia"	0	"patagonia argentina"	"en"
"eton"	0	"eton england"	"en"
"cape horn"	0	"cape horn chile"	"en"
"mesopotamia"	0	"iraq"	"en"
"north pacific"	0	"pacific ocean"	"en"
"aegean"	0	"aegean sea"	"en"
"greenwood"	0	"green wood cemetery brooklyn ny"	"en"
"sumter"	0	"fort sumter"	"en"
"la guardia"	0	"la guardia airport"	"en"
"capitol hill"	0	"washington dc"	"en"
"silver city"	0	"silver city nv"	"en"
"nile"	0	"river nile africa"	"en"
"richmond hill"	0	"richmond virginia"	"en"
"western europe"	0	"europe"	"en"
"st matthew"	1		"en"
"milton"	1		"en"
"thermopylae"	0	"thermopylae greece"	"en"
"scandinavia"	0	"sweden"	"en"
"bunker hill"	0	"bunker hill ma"	"en"
"monongahela"	0	"monongahela river"	"en"
"shechem"	0	"mount gerizim"	"en"
"rialto"	0	"italy venice"	"en"
"asia minor"	0	"turkey"	"en"
"thrace"	0	"bulgaria"	"en"
"schuylkill"	0	"schuylkill river"	"en"
"teheran"	0	"tehran iran"	"en"
"st francis"	1		"en"
"ecclesiastes"	1		"en"
"catskills"	0	"catskill mountains"	"en"
"yazoo"	0	"yazoo river ms"	"en"
"south boston"	0	"boston ma"	"en"
"south mountain"	0	"boonsboro"	"en"
"calvary"	0	"jerusalem israel"	"en"
"vistula"	0	"vistula river poland"	"en"
"philippi"	0	"filippoi greece"	"en"
"central africa"	0	"congo"	"en"
"rocky mountain"	0	"rocky mountains"	"en"
"pekin"	0	"beijing china"	"en"
"languedoc"	0	"france"	"en"
"jefferson worth"	1		"en"
"saviour"	1		"en"
"dahomey"	0	"benin"	"en"
"san felipe"	0	"san felipe tx"	"en"
"pines"	1		"en"
"salvador"	0	"san salvador"	"en"
"willamette"	0	"willamette river"	"en"
"pt"	1		"en"
"santa lucia"	0	"naples italy"	"en"
"san antone"	0	"san antonio"	"en"
"delmonico"	0	"56 beaver st new york ny"	"en"
"san lorenzo"	0	"san lorenzo cathedral genoa italy"	"en"
"sandwich islands"	0	"hawaii"	"en"
"sierra nevada"	0	"sierra california"	"en"
"hampton court"	0	"hampton court palace east molesey surrey uk"	"en"
"shenandoah valley"	0	"shenandoah river"	"en"
"old england"	0	"england gb"	"en"
"auburn"	0	"mount auburn"	"en"
"leviticus"	1		"en"
"mount zion"	0	"mount zion jerusalem israel"	"en"
"hawkeye"	0	"iowa"	"en"
"saracen"	1		"en"
"egeria"	1		"en"
"phoenicia"	0	"tyre lebanon"	"en"
"java"	0	"java indonesia"	"en"
"nassau street"	0	"nassau street new york ny"	"en"
"stamboul"	0	"istanbul"	"en"
"herculaneum"	0	"ecolano italy"	"en"
"mountains"	1		"en"
"seven pines"	0	"seven pines national cemetary"	"en"
"old mexico"	0	"mexico"	"en"
"eternal city"	0	"rome italy"	"en"
"san juan hill"	0	"santiago de cuba"	"en"
"hanover square"	0	"hanover square london"	"en"
"san francisco chronicle"	0	"san francisco"	"en"
"mount hermon"	0	"mount hermon syria"	"en"
"west india"	0	"west indies"	"en"
"st anne"	1		"en"
"stone river"	0	"murfreesboro tenn "	"en"
"abyssinia"	0	"ethiopia"	"en"
"zion"	0	"jerusalem israel"	"en"
"south atlantic"	0	"atlantic ocean"	"en"
"kanawha"	0	"kanawha river"	"en"
"bridge"	1		"en"
"caledonia"	0	"scotland"	"en"
"yuba"	0	"yuba river california"	"en"
"emmaus"	0	"jerusalem israel"	"en"
"st ignatius"	1		"en"
"piccadilly"	0	"picadilly london"	"en"
"sudbury"	0	"sudbury ma"	"en"
"lapland"	0	"finland"	"en"
"emerald isle"	0	"ireland"	"en"
"albion"	0	"great britain"	"en"
"troy"	0	"hisarlik turkey"	"en"
"st ursula"	1		"en"
"bexar"	0	"san antonio texas"	"en"
"white mountain"	0	"white mountains"	"en"
"st james s park"	0	"st james s square"	"en"
"trafalgar"	0	"cabo trafalgar spain"	"en"
"jalapa"	0	"xalapa mexico"	"en"
"victoria station"	0	"victoria station london"	"en"
"mount washington"	0	"mount washington nh"	"en"
"st joe"	1		"en"
"crescent city"	0	"new orleans la"	"en"
"kaintuck"	0	"kentucky"	"en"
"bellevue hospital"	0	"bellevue hospital new york ny"	"en"
"juvenile hall"	1		"en"
"nubia"	0	"egypt africa"	"en"
"cal "	0	"california"	"en"
"sebastopol"	0	"sevastopol"	"en"
"st james s street"	0	"st james s square"	"en"
"malmaison"	0	"malmaison france"	"en"
"nain"	0	"nein israel"	"en"
"arkansaw"	0	"arkansas"	"en"
"abydos"	0	"canakkale turkey"	"en"
"opera house"	1		"en"
"leipsic"	0	"leipzig"	"en"
"south sea islands"	0	"polynesia"	"en"
"west philadelphia"	0	"philadelphia pa"	"en"
"merrimack"	0	"merrimack river"	"en"
"river jordan"	0	"jordan river israel"	"en"
"monocacy"	0	"monocacy river"	"en"
"mountain house"	1		"en"
"st anthony"	1		"en"
"cumberland mountains"	0	"virginia usa"	"en"
"old virginia"	0	"virginia usa"	"en"
"siloam"	0	"jerusalem israel"	"en"
"east boston"	0	"boston ma"	"en"
"ionia"	0	"izmir province turkey"	"en"
"ameriky"	0	"united states"	"en"
"green mountain"	0	"green mountains"	"en"
"port republic"	0	"port republic va"	"en"
"chancery"	0	"london"	"en"
"scorpio"	1		"en"
"ayrshire"	0	"south ayrshire scotland uk"	"en"
"mechlin"	0	"mechelen belgium"	"en"
"lower california"	0	"california usa"	"en"
"basilica"	1		"en"
"upper egypt"	0	"egypt"	"en"
"marmora"	0	"sea marmora"	"en"
"isaiah"	1		"en"
"southern europe"	0	"europe"	"en"
"st valentine"	1		"en"
"oval"	1		"en"
"mountain city"	1		"en"
"metropolis"	1		"en"
"mendon"	0	"mendon france"	"en"
"great salt lake city"	0	"salt lake city"	"en"
"new york sun"	0	"new york city"	"en"
"mount tabor"	0	"mount tabor israel"	"en"
"long wharf"	0	"long wharf boston ma"	"en"
"mountain"	1		"en"
"ultima thule"	0	"greenland"	"en"
"lower egypt"	0	"egypt"	"en"
"kaaba"	0	"mecca"	"en"
"suburbia"	1		"en"
"upper mississippi"	0	"mississippi river usa"	"en"
"quaker city"	0	"philadelphia pa"	"en"
"academe"	1		"en"
"smithville"	0	"smithville tn"	"en"
"baden"	0	"baden baden"	"en"
"britannia"	0	"britain"	"en"
"mount ararat"	0	"mount ararat turkey"	"en"
"kedron"	0	"kidron israel"	"en"
"southern france"	0	"france"	"en"
"new netherlands"	0	"new york state"	"en"
"young america"	0	"united states"	"en"
"washington irving"	1		"en"
"manassas junction"	0	"manassas"	"en"
"stone bridge"	0	"manassas"	"en"
"lunnon"	0	"london"	"en"
"metropolitan museum"	0	"new york city"	"en"
"chancery lane"	0	"london"	"en"
"fayal"	0	"faial portugal"	"en"
"whitehaven"	0	"whitehaven england"	"en"
"dover street"	0	"boston ma"	"en"
"southern italy"	0	"italy"	"en"
"greenwood cemetery"	0	"green wood cemetery brooklyn ny"	"en"
"mount vesuvius"	0	"mount vesuvius italy"	"en"
"metropolitan"	1		"en"
"luzerne"	0	"lucerne"	"en"
"sinai"	0	"egypt africa"	"en"
"streatham"	0	"streatham uk"	"en"
"valentine"	1		"en"
"pisces"	1		"en"
"sunda"	0	"sunda straight indonesia"	"en"
"saco"	0	"saco river"	"en"
"harlem heights"	0	"harlem"	"en"
"sioux river"	0	"big sioux river sd"	"en"
"nismes"	0	"nimes france"	"en"
"tophet"	0	"jerusalem israel"	"en"
"st domingo"	0	"santo domingo dominican republic"	"en"
"shasta"	0	"mount shasta"	"en"
"juniata"	0	"juniata pa"	"en"
"old spain"	0	"spain"	"en"
"table bay"	0	"table bay cape town south africa"	"en"
"abbotsford"	0	"melrose uk"	"en"
"hindostan"	0	"india"	"en"
"mountain chapel"	1		"en"
"mount etna"	0	"mount etna italy"	"en"
"connecticut valley"	0	"connecticut river"	"en"
"mountain brook"	1		"en"
"west india islands"	0	"west indies"	"en"
"ramah"	0	"jerusalem israel"	"en"
"mountain meadow"	1		"en"
"nile valley"	0	"river nile africa"	"en"
"troas"	0	"canakkale turkey"	"en"
"washinton"	0	"washington dc"	"en"
"st jago"	0	"santiago cape verde"	"en"
"victoria haven"	1		"en"
"charlestown neck"	0	"charlestown boston ma"	"en"
"mercer"	1		"en"
"richmond"	0	"richmond virginia"	"en"
"somerville"	1		"en"
"boston"	0	"boston ma"	"en"
"jerusalem"	0	"jerusalem israel"	"en"
"providence"	1		"en"
"beulah"	1		"en"
"westbrook"	1		"en"
"flint"	1		"en"
"wallingford"	1		"en"
"arden"	1		"en"
"paradise"	1		"en"
"florence"	1		"en"
"philadelphia"	0	"philadelphia pa"	"en"
"california"	0	"california usa"	"en"
"sabbath"	1		"en"
"milford"	1		"en"
"springs"	1		"en"
"charlotte"	1		"en"
"everett"	1		"en"
"bella"	1		"en"
"beast"	1		"en"
"ossian"	1		"en"
"new york city"	0	"new york city ny"	"en"
"america"	0	"united states"	"en"
"beau"	1		"en"
"margate"	0	"margate kent uk"	"en"
"windsor"	1		"en"
"bengal"	0	"west bengal india"	"en"
"american"	1		"en"
"philly"	0	"philadelphia pa"	"en"
"oceana"	1		"en"
"conrad"	1		"en"
"orlando"	1		"en"
"hamilton"	1		"en"
"raleigh"	1		"en"
"upas"	1		"en"
"cornwall"	0	"cornwall england"	"en"
"lincoln"	1		"en"
"merrie england"	0	"england"	"en"
"rosa"	1		"en"
"port"	1		"en"
"new jerusalem"	1		"en"
"hardscrabble"	1		"en"
"captain gray"	1		"en"
"flora flora"	1		"en"
"earnest"	1		"en"
"bible"	1		"en"
"grey"	1		"en"
"hampton"	1		"en"
"san francisco"	0	"san francisco ca"	"en"
"virgin"	1		"en"
"woodland"	1		"en"
"beverly"	1		"en"
"great spirit"	1		"en"
"united states bank"	1		"en"
"ida"	1		"en"
"rose hill"	1		"en"
"sunnyside"	1		"en"
"hebrew"	1		"en"
"vinal"	1		"en"
"adelaide"	1		"en"
"houghton"	1		"en"
"utopia"	1		"en"
"tennyson"	1		"en"
"palm"	1		"en"
"afar"	1		"en"
"pierian"	1		"en"
"mother goose"	1		"en"
"hast"	1		"en"
"thou"	1		"en"
"oho"	1		"en"
"sea"	1		"en"
"queen city"	1		"en"
"new englander"	1		"en"
"chile chile"	1		"en"
"cato"	1		"en"
"mankind"	1		"en"
"haralson"	1		"en"
"heaven"	1		"en"
"chile"	1		"en"
"st angelo"	1		"en"
"aunt dinah"	1		"en"
"beggary"	1		"en"
"bellevue"	0	"bellevue hospital new york ny"	"en"
"eliza"	1		"en"
"worthington"	1		"en"
"templeton"	1		"en"
"jersey"	0	"new jersey usa"	"en"
"montgomery"	1		"en"
"kingston"	1		"en"
"meredith bridge"	0	"laconia"	"en"
"keene"	1		"en"
"rutland"	1		"en"
"henry"	1		"en"
"biddeford"	0	"biddeford maine"	"en"
"augusta"	1		"en"
"hudson river"	0	"hudson river ny"	"en"
"field"	1		"en"
"buddha"	1		"en"
"plato"	1		"en"
"corinth"	0	"corinth greece"	"en"
"earl"	1		"en"
"great republic"	1		"en"
"moselle"	0	"moselle france"	"en"
"elizabeth"	1		"en"
"st cecilia"	1		"en"
"carolinians"	1		"en"
"honiton"	1		"en"
"orange"	1		"en"
"leonard"	1		"en"
"charleston hotel"	1		"en"
"gotham"	0	"new york city ny"	"en"
"lafayette"	1		"en"
"gadsden"	1		"en"
"cicero"	1		"en"
"ha"	1		"en"
"keno"	1		"en"
"arrah"	1		"en"
"neck"	1		"en"
"maria"	1		"en"
"fremont"	1		"en"
"northumberland"	0	"northumberland england uk"	"en"
"st martin"	1		"en"
"new york hotel"	1		"en"
"astor"	1		"en"
"putnam"	1		"en"
"wellington"	1		"en"
"st nicholas"	1		"en"
"haidee"	1		"en"
"chili"	1		"en"
"constantinople"	0	"istanbul"	"en"
"latin"	1		"en"
"longfellow"	1		"en"
"dickens"	1		"en"
"south carolinians"	1		"en"
"glasgow"	0	"glasgow scotland"	"en"
"spanish"	1		"en"
"portuguese"	1		"en"
"south carolinian"	1		"en"
"macon"	0	"macon georgia"	"en"
"st charles"	1		"en"
"samson"	1		"en"
"carolinian"	1		"en"
"jones"	1		"en"
"new york new york"	0	"new york city ny"	"en"
"victoria"	1		"en"
"villany"	1		"en"
"caesar"	1		"en"
"nited states"	0	"united states"	"en"
"dutch"	1		"en"
"franconia"	1		"en"
"santee"	1		"en"
"joe"	1		"en"
"saxon"	1		"en"
"county"	1		"en"
"maxwell"	1		"en"
"harry"	1		"en"
"us"	0	"united states"	"en"
"bob"	1		"en"
"bench"	1		"en"
"oman"	1		"en"
"lord"	1		"en"
"ashley"	1		"en"
"south esq "	1		"en"
"ingin"	1		"en"
"st michael"	1		"en"
"montague"	1		"en"
"st augustine"	1		"en"
"scott"	1		"en"
"peninsula"	1		"en"
"chancellorville"	0	"chancellorsville"	"en"
"district"	1		"en"
"fulton"	1		"en"
"george washington"	1		"en"
"main"	1		"en"
"topman"	1		"en"
"highlands"	1		"en"
"petersham"	1		"en"
"steuben"	1		"en"
"florence florence florence"	1		"en"
"florence florence"	1		"en"
"ada"	1		"en"
"phoenix"	1		"en"
"whittier"	1		"en"
"columbus"	1		"en"
"st auburn"	1		"en"
"vi"	1		"en"
"city"	1		"en"
"edward"	1		"en"
"long"	1		"en"
"state virginia"	0	"virginia usa"	"en"
"america esq "	1		"en"
"angelina"	1		"en"
"milesian"	1		"en"
"susa"	1		"en"
"samoset"	1		"en"
"matilda"	1		"en"
"thou thou"	1		"en"
"lo"	1		"en"
"amelia"	1		"en"
"nelly"	1		"en"
"evelina"	1		"en"
"salem"	0	"salem mass "	"en"
"vandyke"	1		"en"
"winthrop"	1		"en"
"satan"	1		"en"
"beelzebub"	1		"en"
"arundel"	1		"en"
"eveline"	1		"en"
"devon"	0	"devon gb"	"en"
"puritans"	1		"en"
"indian"	1		"en"
"suffolk"	0	"suffolk uk"	"en"
"pequot"	1		"en"
"sassacus"	1		"en"
"shakspeare"	1		"en"
"french"	1		"en"
"loyola"	1		"en"
"tuam"	1		"en"
"pike"	1		"en"
"persia"	0	"iran"	"en"
"mother church"	1		"en"
"st bartholomew"	1		"en"
"mystic"	1		"en"
"lochiel"	1		"en"
"samoset samoset"	1		"en"
"sachem"	1		"en"
"eden"	1		"en"
"partridge"	1		"en"
"tybalt"	1		"en"
"manitou"	1		"en"
"holden"	1		"en"
"monmouth"	1		"en"
"damocles"	1		"en"
"deuteronomy"	1		"en"
"euclid"	1		"en"
"leelinau"	1		"en"
"hercules"	1		"en"
"ithuriel"	1		"en"
"north river"	1		"en"
"william"	1		"en"
"otway"	1		"en"
"ceres"	1		"en"
"salt lake"	0	"salt lake city"	"en"
"beaumont"	1		"en"
"abraham"	1		"en"
"romanism"	1		"en"
"adam"	1		"en"
"mass "	0	"massachusetts"	"en"
"pentecost"	1		"en"
"enon"	1		"en"
"origen"	1		"en"
"tertullian"	1		"en"
"augustine"	1		"en"
"eusebius"	1		"en"
"cambridge platform"	1		"en"
"middle states"	1		"en"
"queens"	1		"en"
"scriptures"	1		"en"
"celestial city"	1		"en"
"tabor"	1		"en"
"newport"	0	"newport rhode island"	"en"
"emily"	1		"en"
"yazoo river"	0	"yazoo river ms"	"en"
"montezuma"	1		"en"
"hibernian"	1		"en"
"shanghae"	0	"shanghai"	"en"
"nankin"	0	"nanking"	"en"
"ned"	1		"en"
"tremont street"	1		"en"
"sophia"	1		"en"
"ovid"	1		"en"
"carlyle"	1		"en"
"benedict"	1		"en"
"hungerford"	1		"en"
"grecian"	1		"en"
"eugene"	1		"en"
"ledge"	1		"en"
"buckstone"	1		"en"
"julia"	1		"en"
"hayti"	0	"haiti"	"en"
"pittsburg"	0	"pittsburgh"	"en"
"ellen"	1		"en"
"mandeville"	1		"en"
"mandeville mandeville"	1		"en"
"hardy"	1		"en"
"virginny"	0	"virginia"	"en"
"atlas"	1		"en"
"henrietta"	1		"en"
"asenath"	1		"en"
"rom"	1		"en"
"fayette"	1		"en"
"despond"	1		"en"
"east room"	1		"en"
"hospital"	1		"en"
"spades"	1		"en"
"hades"	1		"en"
"desert sahara"	0	"africa"	"en"
"minerva"	1		"en"
	1		"en"
"emerson"	1		"en"
"laura"	1		"en"
"ben"	1		"en"
"betsey"	1		"en"
"florence nightingale"	1		"en"
"hepsey"	1		"en"
"washington washington"	1		"en"
"solomon"	1		"en"
"parson"	1		"en"
"hiawatha"	1		"en"
"st paul"	1		"en"
"flint flint"	1		"en"
"daisy"	1		"en"
"eves"	1		"en"
"festus"	1		"en"
"stillwater"	1		"en"
"ark "	0	"arkansas"	"en"
"state maine"	0	"maine"	"en"
"fairfax court house"	0	"fairfax"	"en"
"boston new york"	1		"en"
"scotia"	1		"en"
"rappaccini"	1		"en"
"arthur"	1		"en"
"tuscany"	0	"tuscany italy"	"en"
"agnes"	1		"en"
"trojan"	1		"en"
"philadelphia philadelphia"	1		"en"
"eleanor"	1		"en"
"franklin"	1		"en"
"pacific railroad"	1		"en"
"ella"	1		"en"
"orson"	1		"en"
"pratt"	1		"en"
"u s "	0	"united states"	"en"
"mormon"	1		"en"
"ocean"	1		"en"
"p m "	1		"en"
"steerage"	1		"en"
"new york boston"	1		"en"
"new york central"	1		"en"
"great manitou"	1		"en"
"sherman"	1		"en"
"lee"	1		"en"
"northeast"	1		"en"
"farragut"	1		"en"
"panola"	1		"en"
"maud"	1		"en"
"fairfax fairfax"	1		"en"
"beauregard"	1		"en"
"petersburg"	0	"petersburg virginia"	"en"
"lord palmerston"	1		"en"
"persian"	1		"en"
"lees"	1		"en"
"france france"	1		"en"
"europe asia africa"	1		"en"
"tarleton"	1		"en"
"lelia"	1		"en"
"hermitage"	1		"en"
"beach"	1		"en"
"mrs "	1		"en"
"miss "	0	"mississippi"	"en"
"hannah"	1		"en"
"falls niagara"	0	"niagara falls ny"	"en"
"christian"	1		"en"
"chestnut"	1		"en"
"herbert"	1		"en"
"moses"	1		"en"
"peri"	1		"en"
"niagara falls"	0	"niagara falls ny"	"en"
"cain"	1		"en"
"lethe"	1		"en"
"vale"	1		"en"
"beacon"	1		"en"
"elysium"	1		"en"
"paul"	1		"en"
"prescott"	1		"en"
"tilda"	1		"en"
"cuban"	1		"en"
"circean"	1		"en"
"helena"	1		"en"
"niagara saratoga"	1		"en"
"charles"	1		"en"
"valley virginia"	1		"en"
"st john"	1		"en"
"middle ages"	1		"en"
"cum"	1		"en"
"linda"	1		"en"
"bostin"	0	"boston ma"	"en"
"evelyn"	1		"en"
"tarn"	1		"en"
"sutherland"	1		"en"
"rotunda"	1		"en"
"southern"	1		"en"
"robespierre"	1		"en"
"signora"	1		"en"
"frederick"	1		"en"
"vargin"	1		"en"
"lexington"	0	"lexington ma"	"en"
"palmyra"	0	"palmyra syria"	"en"
"dade"	1		"en"
"midas"	1		"en"
"hebe"	1		"en"
"moncrieffe"	1		"en"
"oenone"	1		"en"
"adelaide adelaide"	1		"en"
"hybla"	0	"ragusa italy"	"en"
"empire city"	0	"new york city ny"	"en"
"waterman"	1		"en"
"lord percy"	1		"en"
"south american"	1		"en"
"richmond va "	0	"richmond virginia"	"en"
"montrose"	1		"en"
"manor"	1		"en"
"beppo"	1		"en"
"una"	1		"en"
"helen"	1		"en"
"florida florida"	1		"en"
"syren"	1		"en"
"puck"	1		"en"
"tempe"	1		"en"
"littleton"	1		"en"
"frank"	1		"en"
"mahomet"	1		"en"
"lord chesterfield"	1		"en"
"louisa"	1		"en"
"isadora"	1		"en"
"papa"	1		"en"
"clara"	1		"en"
"adela"	1		"en"
"clara clara"	1		"en"
"antonio"	1		"en"
"el dorado"	1		"en"
"asia africa"	1		"en"
"united states hotel"	1		"en"
"inez"	1		"en"
"louisville"	0	"louisville kentucky"	"en"
"sabine"	0	"sabine river texas"	"en"
"texas texas"	0	"texas"	"en"
"british"	1		"en"
"red river"	1		"en"
"san antonio bexar"	0	"san antonio texas"	"en"
"dolores"	1		"en"
"guadalaxara"	0	"guadalajara mexico"	"en"
"san"	1		"en"
"san antonio"	0	"san antonio texas"	"en"
"morelos"	1		"en"
"mexican"	1		"en"
"wildwood"	1		"en"
"senorita"	1		"en"
"isabella"	1		"en"
"montezumas"	1		"en"
"new leon"	1		"en"
"rectory"	1		"en"
"cameron"	1		"en"
"providence esq "	1		"en"
"bethany"	1		"en"
"geoffrey"	1		"en"
"weston"	1		"en"
"ralph"	1		"en"
"ilia"	1		"en"
"st mark"	1		"en"
"viola"	1		"en"
"abbey"	1		"en"
"ursula"	1		"en"
"swiss"	1		"en"
"florence florence florence florence"	1		"en"
"tim"	1		"en"
"irish"	1		"en"
"lady grace"	1		"en"
"walter"	1		"en"
"south france"	0	"france"	"en"
"san franciscans"	1		"en"
"sheffield"	1		"en"
"roland"	1		"en"
"st jo"	1		"en"
"madame"	1		"en"
"gentile"	1		"en"
"presidio"	1		"en"
"cabin"	1		"en"
"teuton"	1		"en"
"valambrosa"	1		"en"
"nessus"	1		"en"
"opera"	1		"en"
"racine"	1		"en"
"aladdin"	1		"en"
"upper potomac"	0	"potomac river"	"en"
"united states army"	1		"en"
"ould ireland"	0	"ireland"	"en"
"st patrick"	1		"en"
"border states"	1		"en"
"stafford"	1		"en"
"sibley"	1		"en"
"buckeye"	1		"en"
"spartan"	1		"en"
"gibralter"	0	"gibraltar"	"en"
"emma"	1		"en"
"mary"	1		"en"
"morley"	1		"en"
"byron"	1		"en"
"cleopatra"	1		"en"
"hanover"	1		"en"
"elysian"	1		"en"
"green"	1		"en"
"bertha"	1		"en"
"olivia olivia"	1		"en"
"canady"	0	"canada"	"en"
"bonita"	1		"en"
"garland"	1		"en"
"phoebe"	1		"en"
"irene"	1		"en"
"dewey"	1		"en"
"wallingford wallingford"	1		"en"
"porto rico"	0	"puerto rico"	"en"
"bank"	1		"en"
"ivy cottage"	1		"en"
"howard"	1		"en"
"great physician"	1		"en"
"floyd"	1		"en"
"edith"	1		"en"
"ann"	1		"en"
"walnut"	1		"en"
"fanny"	1		"en"
"ethel"	1		"en"
"blanche"	1		"en"
"shores"	1		"en"
"lyon lyon"	1		"en"
"farmer gray"	1		"en"
"woodbine lodge"	1		"en"
"philadelphia esq "	1		"en"
"lisle"	1		"en"
"matthew"	1		"en"
"luke"	1		"en"
"tremont"	1		"en"
"book life"	1		"en"
"nina"	1		"en"
"moreland"	1		"en"
"amy"	1		"en"
"adele"	1		"en"
"lawrence"	1		"en"
"adelaide adelaide adelaide"	1		"en"
"sanford"	1		"en"
"old town"	1		"en"
"cora"	1		"en"
"new york esq "	1		"en"
"biddy"	1		"en"
"lucy"	1		"en"
"ernestine"	1		"en"
"hobart"	1		"en"
"gordon"	1		"en"
"juba"	1		"en"
"logan"	1		"en"
"logan logan"	1		"en"
"harlaem"	0	"harlem"	"en"
"divine providence"	1		"en"
"milford milford"	1		"en"
"eugenia"	1		"en"
"st helena"	1		"en"
"cape hope"	0	"cape of good hope south africa"	"en"
"paulding"	1		"en"
"lane"	1		"en"
"madison"	1		"en"
"anne"	1		"en"
"robert"	1		"en"
"hamlet"	1		"en"
"lydia"	1		"en"
"woodville"	1		"en"
"manlius"	1		"en"
"williston"	1		"en"
"italia"	0	"italy"	"en"
"edgar"	1		"en"
"wheatland"	1		"en"
"slade"	1		"en"
"pinkerton"	1		"en"
"ackland"	1		"en"
"anna"	1		"en"
"effie"	1		"en"
"philippians"	1		"en"
"windham"	1		"en"
"eunice"	1		"en"
"joseph"	1		"en"
"morgan"	1		"en"
"lloyd"	1		"en"
"harvey"	1		"en"
"sterling"	1		"en"
"harland"	1		"en"
"cleveland cleveland"	0	"cleveland"	"en"
"sydenham"	1		"en"
"gate"	1		"en"
"carlton"	1		"en"
"cara"	1		"en"
"preston"	1		"en"
"eva"	1		"en"
"lizzie"	1		"en"
"virginia maryland"	1		"en"
"glastonbury"	1	"glastonbury somerset uk"	"en"
"edwin"	1		"en"
"katy"	1		"en"
"new home"	1		"en"
"peyton"	1		"en"
"willie"	1		"en"
"st germains"	1		"en"
"thornton"	1		"en"
"max"	1		"en"
"lenox"	1		"en"
"bessie"	1		"en"
"philadelfy"	0	"philadelphia pa"	"en"
"ruth"	1		"en"
"captivity"	1		"en"
"simon"	1		"en"
"signorina"	1		"en"
"washington esq "	1		"en"
"valhalla"	1		"en"
"coleridge"	1		"en"
"burnham"	1		"en"
"charley"	1		"en"
"picardy"	0	"picardy france"	"en"
"elsie"	1		"en"
"israel israel israel"	0	"israel"	"en"
"israel israel"	0	"israel"	"en"
"montmorenci"	1		"en"
"honoria"	1		"en"
"duke"	1		"en"
"st thomas"	1		"en"
"st philip"	1		"en"
"brutus"	1		"en"
"united states navy"	1		"en"
"titian"	1		"en"
"walpole"	1		"en"
"oaks"	1		"en"
"dora"	1		"en"
"wood"	1		"en"
"guido"	1		"en"
"york state"	0	"new york state"	"en"
"eureka"	1		"en"
"beatrice"	1		"en"
"harbor"	1		"en"
"zilpah"	1		"en"
"cheops"	1		"en"
"etna"	0	"mount etna italy"	"en"
"table rock"	1		"en"
"sphinx"	1		"en"
"libby"	1		"en"
"nell"	1		"en"
"sphynx"	1		"en"
"ebenezer"	1		"en"
"handcuffs"	1		"en"
"peninsular"	1		"en"
"talleyrand"	1		"en"
"turk"	1		"en"
"adelphi"	1		"en"
"jem"	1		"en"
"st james"	1		"en"
"sault"	1		"en"
"pennsylvany"	0	"pennsylvania"	"en"
"bergen"	0	"bergen norway"	"en"
"pontiac"	1		"en"
"sydney"	1		"en"
"hingland"	0	"england gb"	"en"
"osceola"	1		"en"
"uncle timothy"	1		"en"
"jotham"	1		"en"
"susan"	1		"en"
"augustus"	1		"en"
"prince wales"	1		"en"
"circassian"	1		"en"
"englander"	1		"en"
"highland"	1		"en"
"puritan"	1		"en"
"surrey"	1		"en"
"upton"	1		"en"
"islington"	1		"en"
"waveland"	0	"waveland in"	"en"
"greatheart"	1		"en"
"laocoon"	1		"en"
"st petersburgh"	0	"st petersburg"	"en"
"palestrina"	1		"en"
"faust"	1		"en"
"camille"	1		"en"
"notre dame"	1		"en"
"metamora"	1		"en"
"lucia"	1		"en"
"st stephen"	1		"en"
"waverley"	1		"en"
"charlotte bronte"	1		"en"
"lucullus"	1		"en"
"bacchus"	1		"en"
"alcibiades"	1		"en"
"howadji"	1		"en"
"charlotte cushman"	1		"en"
"lear"	1		"en"
"leonora"	1		"en"
"burley"	1		"en"
"violetta"	1		"en"
"elliston"	1		"en"
"nero"	1		"en"
"goneril"	1		"en"
"lunnun"	0	"london"	"en"
"heidsick"	1		"en"
"excelsior"	1		"en"
"charlotte charlotte charlotte"	1		"en"
"london london"	0	"london"	"en"
"south side"	1		"en"
"nobles"	1		"en"
"charlotte charlotte"	1		"en"
"south street"	1		"en"
"ezra"	1		"en"
"sal"	1		"en"
"judas iscariot"	1		"en"
"hudson river railroad"	1		"en"
"santa maria"	1		"en"
"penn"	0	"pennsylvania"	"en"
"stamford"	1		"en"
"hills"	1		"en"
"corinthians"	1		"en"
"st catharine"	1		"en"
"punch bowl hill"	1		"en"
"hudson bay company"	1		"en"
"americans"	1		"en"
"umpqua"	1		"en"
"wolf"	1		"en"
"queen france"	1		"en"
"arabs"	1		"en"
"mahometan"	1		"en"
"wiltshire"	1		"en"
"winchester"	1		"en"
"salle"	1		"en"
"heidelburg"	0	"heidelberg"	"en"
"nora"	1		"en"
"melville"	1		"en"
"district attorney"	1		"en"
"commonwealth massachusetts"	0	"massachusetts usa"	"en"
"hindoostan"	0	"india"	"en"
"alice"	1		"en"
"old moll"	1		"en"
"new york florence"	1		"en"
"lily"	1		"en"
"astor house"	1		"en"
"england esq "	1		"en"
"turner"	1		"en"
"st sebastian"	1		"en"
"evans"	1		"en"
"abelard"	1		"en"
"andover"	0	"andover massachusetts"	"en"
"greeks"	1		"en"
"eternity"	1		"en"
"holies"	1		"en"
"doc"	1		"en"
"elvira"	1		"en"
"coast"	1		"en"
"isle pines"	1		"en"
"east tennessee"	0	"tennessee"	"en"
"wash "	1		"en"
"bowie"	1		"en"
"moll"	1		"en"
"knoxville"	0	"knoxville tennessee"	"en"
"prentiss"	1		"en"
"rupert"	1		"en"
"zahara"	0	"africa"	"en"
"samaritan"	1		"en"
"washington county"	1		"en"
"richard"	1		"en"
"wesley"	1		"en"
"charity hospital"	1		"en"
"old virginny"	0	"virginia usa"	"en"
"tom"	1		"en"
"kentucky kentucky"	1		"en"
"sambo"	1		"en"
"dominican"	1		"en"
"sea lion"	1		"en"
"cape verds"	0	"cape verde islands"	"en"
"port praya"	0	"praia cape verde"	"en"
"brotherly love"	0	"philadelphia pa"	"en"
"russian"	1		"en"
"russians"	1		"en"
"saladin"	1		"en"
"bellair"	1		"en"
"eldorado"	1		"en"
"eastern pennsylvania"	0	"pennsylvania"	"en"
"boston boston"	0	"boston ma"	"en"
"gulch"	1		"en"
"new englanders"	1		"en"
"camilla"	1		"en"
"priscilla"	1		"en"
"lynn"	1		"en"
"holmes"	1		"en"
"district columbia"	0	"washington dc"	"en"
"conneticut"	0	"connecticut"	"en"
"south caroliny"	0	"south carolina"	"en"
"evry"	1		"en"
"leesburg"	0	"leesburg va"	"en"
"californy"	0	"california usa"	"en"
"welles"	1		"en"
"kaintucky"	0	"kentucky"	"en"
"suthern"	1		"en"
"coon"	1		"en"
"strasburg"	0	"strasbourg"	"en"
"sea islands"	1		"en"
"wal"	1		"en"
"philadelphy"	0	"philadelphia pa"	"en"
"seward"	1		"en"
"stoughton"	1		"en"
"mungo park"	1		"en"
"civ"	1		"en"
"hooker"	1		"en"
"dallas"	1		"en"
"santiago"	1		"en"
"north west"	1		"en"
"island cuba"	0	"cuba"	"en"
"jordan jordan"	1		"en"
"mapleton"	1		"en"
"george"	1		"en"
"st pierre"	1		"en"
"louisville ky "	0	"louisville kentucky"	"en"
"nelson"	1		"en"
"geo"	1		"en"
"albert"	1		"en"
"england england"	1		"en"
"jerusalem jerusalem"	0	"jerusalem israel"	"en"
"new yorker"	1		"en"
"cynthia"	1		"en"
"united states america"	0	"united states"	"en"
"hessian"	1		"en"
"chapel"	1		"en"
"barney"	1		"en"
"lord baltimore"	1		"en"
"darwin"	1		"en"
"africans"	1		"en"
"heath"	1		"en"
"old lone house"	1		"en"
"egremond"	1		"en"
"harlington"	1		"en"
"horace"	1		"en"
"lillie"	1		"en"
"great river"	1		"en"
"st evremond"	1		"en"
"mme"	1		"en"
"creole"	1		"en"
"st bernard"	1		"en"
"lodge"	1		"en"
"excelsis"	1		"en"
"gloria"	1		"en"
"habakkuk"	1		"en"
"sally"	1		"en"
"st agnes"	1		"en"
"mount transfiguration"	0	"mount tabor israel"	"en"
"olympia"	1		"en"
"socrates"	1		"en"
"eudocia"	1		"en"
"ephesians"	1		"en"
"bounty"	1		"en"
"wharton"	1		"en"
"middle"	1		"en"
"hapsburg"	1		"en"
"calhoun"	1		"en"
"copperhead"	1		"en"
"barbara"	1		"en"
"wilton"	1		"en"
"belle"	1		"en"
"eudora"	1		"en"
"prudy"	1		"en"
"nellie"	1		"en"
"phelps"	1		"en"
"roswell"	1		"en"
"dewitt"	1		"en"
"woods"	1		"en"
"british america"	0	"united states"	"en"
"europe asia"	1		"en"
"angel"	1		"en"
"st johns"	1		"en"
"meta"	1		"en"
"stirling"	1		"en"
"grafton"	1		"en"
"morven"	1		"en"
"aurora borealis"	1		"en"
"nettie"	1		"en"
"cornish"	1		"en"
"lola"	1		"en"
"violet"	1		"en"
"cedar"	1		"en"
"sycamore"	1		"en"
"chinese"	1		"en"
"pine grove"	1		"en"
"carlo"	1		"en"
"pelham"	1		"en"
"floridy"	0	"florida"	"en"
"wentworth"	1		"en"
"heywood"	1		"en"
"episcopal church"	1		"en"
"new yorkers"	1		"en"
"freehold"	1		"en"
"sand hills"	1		"en"
"desert"	1		"en"
"sacristy"	1		"en"
"mother superior"	1		"en"
"new york philadelphia"	1		"en"
"hecate"	1		"en"
"prairies"	1		"en"
"boadicea"	1		"en"
"somerville somerville"	1		"en"
"tanglewood"	1		"en"
"sallie"	1		"en"
"cinderella"	1		"en"
"cobb"	1		"en"
"elwood"	1		"en"
"staples"	1		"en"
"isa"	1		"en"
"romish church"	1		"en"
"revere"	1		"en"
"parsonage"	1		"en"
"miss virginia"	1		"en"
"south side madeira"	1		"en"
"trinity"	1		"en"
"roselle"	1		"en"
"milly"	1		"en"
"aspen"	1		"en"
"sanscrit"	1		"en"
"worth"	1		"en"
"st alban"	1		"en"
"remsen"	1		"en"
"roman church"	1		"en"
"hetty"	1		"en"
"earles"	1		"en"
"cecil"	1		"en"
"fra angelico"	1		"en"
"pietro"	1		"en"
"piazza di spagna"	0	"piazza di spagne rome italy"	"en"
"caliban"	1		"en"
"jupe"	1		"en"
"hibernians"	1		"en"
"south sea islanders"	1		"en"
"st barbara"	1		"en"
"vaughan"	1		"en"
"magdalen"	1		"en"
"reproach"	1		"en"
"st simon"	1		"en"
"europa"	0	"europe"	"en"
"roland roland"	1		"en"
"rue la paix"	0	"rue de la paix paris"	"en"
"paris paris"	1		"en"
"hellas"	0	"greece"	"en"
"ulysses"	1		"en"
"hecuba"	1		"en"
"electra"	1		"en"
"iphigenia"	1		"en"
"pallas"	1		"en"
"thou knowest"	1		"en"
"jungfrau"	0	"jungfrau switzerland"	"en"
"st cloud"	1		"en"
"leon"	1		"en"
"san miguel"	1		"en"
"turkey creek"	1		"en"
"san carlos"	1		"en"
"crow"	1		"en"
"cuba cuba"	1		"en"
"webster"	1		"en"
"mingo"	1		"en"
"palisade"	1		"en"
"bentley"	1		"en"
"harley"	1		"en"
"bacon"	1		"en"
"berkeley"	1		"en"
"flora flora flora"	1		"en"
"surry"	1		"en"
"neville"	1		"en"
"rochambeau"	1		"en"
"arnold"	1		"en"
"smith"	1		"en"
"hacienda"	1		"en"
"virginia virginia"	1		"en"
"virginia virginia virginia virginia"	1		"en"
"mortons"	1		"en"
"virginia virginia virginia"	1		"en"
"caleb"	1		"en"
"ernest"	1		"en"
"south branch"	1		"en"
"st clair"	1		"en"
"wilkes"	1		"en"
"providence providence"	1		"en"
"saratoga springs"	0	"saratoga springs ny"	"en"
"florence hamilton"	1		"en"
"lionel"	1		"en"
"pere la chaise"	0	"pere lachaise paris france"	"en"
"chelonians"	1		"en"
"cromwell"	1		"en"
"nebuchadnezzar"	1		"en"
"lord harcourt"	1		"en"
"pierre"	1		"en"
"clifford"	1		"en"
"nineveh"	0	"mosul iraq"	"en"
"francisco"	1		"en"
"stella"	1		"en"
"p s "	1		"en"
"percha"	1		"en"
"ehrenstein"	1		"en"
"annie"	1		"en"
"rashleigh"	1		"en"
"moreton"	1		"en"
"mahala"	1		"en"
"neapolitan"	1		"en"
"spithead"	1		"en"
"royal george"	1		"en"
"vail"	1		"en"
"father antonio"	1		"en"
"virgin mother"	1		"en"
"celestial country"	1		"en"
"alpha"	1		"en"
"salvation"	1		"en"
"brahma"	1		"en"
"arabian"	1		"en"
"siam"	0	"thailand"	"en"
"danes"	1		"en"
"esquimaux"	1		"en"
"wakefield"	1		"en"
"mabel"	1		"en"
"stratford"	1		"en"
"leila"	1		"en"
"albany street"	0	"albany street london england uk"	"en"
"aunt fanny"	1		"en"
"portia"	1		"en"
"emilia"	1		"en"
"lord loveth"	1		"en"
"carrie"	1		"en"
"indies"	0	"west indies"	"en"
"pa "	0	"pennsylvania"	"en"
"europe esq "	1		"en"
"bay state"	0	"massachusetts usa"	"en"
"eleanore"	1		"en"
"cornelia"	1		"en"
"empire"	1		"en"
"hindoo"	1		"en"
"alla"	1		"en"
"roman empire"	1		"en"
"isabelle"	1		"en"
"king louis"	1		"en"
"new york esq esq "	1		"en"
"boston esq "	1		"en"
"lilliput"	1		"en"
"miss woodville"	1		"en"
"ravenswood"	1		"en"
"clermont"	1		"en"
"dallas dallas"	1		"en"
"aubrey"	1		"en"
"st andrew"	1		"en"
"waccamaw"	0	"waccamaw river"	"en"
"mohammedan"	1		"en"
"elfrida"	1		"en"
"lou"	1		"en"
"richland"	1		"en"
"west bank"	1		"en"
"ephraim"	1		"en"
"heavens"	1		"en"
"earl leicester"	1		"en"
"jephthah"	1		"en"
"ball"	1		"en"
"german"	1		"en"
"wadsworth"	1		"en"
"northern new york"	0	"new york state"	"en"
"hells"	1		"en"
"gifford"	1		"en"
"jane"	1		"en"
"victor"	1		"en"
"colonel beaufort"	1		"en"
"colburne"	1		"en"
"down east"	0	"maine"	"en"
"town"	1		"en"
"irvine"	1		"en"
"swansea"	1		"en"
"upper tendom"	1		"en"
"gracie gracie gracie"	1		"en"
"gracie gracie"	1		"en"
"gabrielle"	1		"en"
"ahem"	1		"en"
"tarpeian rock"	0	"rome italy"	"en"
"hill"	1		"en"
"dolphin"	1		"en"
"harry gray"	1		"en"
"france england"	1		"en"
"american states"	0	"united states"	"en"
"st benedict"	1		"en"
"st gregory"	1		"en"
"vesuvius"	0	"mount vesuvius italy"	"en"
"casa"	1		"en"
"macbeth"	1		"en"
"tasso"	1		"en"
"luigi"	1		"en"
"england france"	1		"en"
"caesarea"	1		"en"
"falernian"	1		"en"
"rome rome"	1		"en"
"antonia"	1		"en"
"gilgal"	1		"en"
"uncle ned"	1		"en"
"oakhurst"	1		"en"
"lafourche"	1		"en"
"limekiln"	1		"en"
"polk"	1		"en"
"bruin"	1		"en"
"philadelphian"	1		"en"
"hastings"	1		"en"
"pedlington"	1		"en"
"lady suffolk"	1		"en"
"brahmin"	1		"en"
"ward"	1		"en"
"benjamin"	1		"en"
"bro bro"	1		"en"
"seton"	1		"en"
"lord north"	1		"en"
"humankind"	1		"en"
"thou hast"	1		"en"
"st leger"	1		"en"
"republic france"	0	"france"	"en"
"irishmen"	1		"en"
"isle"	1		"en"
"king"	1		"en"
"great"	1		"en"
"norland"	1		"en"
"hermon"	0	"mount hermon syria"	"en"
"xenia"	1		"en"
"green mountains vermont"	0	"green mountains"	"en"
"georgiana"	1		"en"
"mis"	1		"en"
"new york ledger"	1		"en"
"fort lafayette"	0	"brooklyn ny"	"en"
"waltham"	1		"en"
"carson"	1		"en"
"south platte"	1		"en"
"leviathan"	1		"en"
"richelieu"	1		"en"
"wells"	1		"en"
"prado"	1		"en"
"tagus"	0	"tagus river"	"en"
"saracens"	1		"en"
"valetta"	0	"valetta malta"	"en"
"syra"	0	"syros greece"	"en"
"grecian archipelago"	0	"greece"	"en"
"esdraelon"	0	"jezreel israel"	"en"
"chile chile chile"	1		"en"
"libery"	1		"en"
"louise"	1		"en"
"road"	1		"en"
"glades"	1		"en"
"france italy"	1		"en"
"roman republic"	1		"en"
"papacy"	1		"en"
"pius"	1		"en"
"cochin china"	0	"vietnam"	"en"
"woodstock"	1		"en"
"terra"	1		"en"
"lowlands"	1		"en"
"sisera"	1		"en"
"gath"	1		"en"
"copley"	1		"en"
"boston washington"	1		"en"
"virginia washington"	1		"en"
"new york island"	0	"manhattan"	"en"
"strangeways"	1		"en"
"harcourt"	1		"en"
"heights"	1		"en"
"tamerlane"	1		"en"
"henderson"	1		"en"
"mount calvary"	0	"jerusalem israel"	"en"
"romans"	1		"en"
"napoleon"	1		"en"
"mother earth"	1		"en"
"orlando orlando"	1		"en"
"equator"	1		"en"
"wood hill"	1		"en"
"heart"	1		"en"
"st clare"	1		"en"
"st jerome"	1		"en"
"st lazare"	1		"en"
"thorndale"	1		"en"
"ginevra"	1		"en"
"isola"	1		"en"
"zenobia"	1		"en"
"forbes"	1		"en"
"havanna"	0	"havana"	"en"
"london paris"	1		"en"
"longstreet"	1		"en"
"haverhill"	1		"en"
"united states esq "	1		"en"
"boston mass "	0	"boston ma"	"en"
"greeley"	1		"en"
"queen sheba"	1		"en"
"ely"	1		"en"
"sart"	1		"en"
"covington"	1		"en"
"milwaukie"	0	"milwaukee"	"en"
"theatre"	1		"en"
"cush"	1		"en"
"sinclair"	1		"en"
"isaac"	1		"en"
"lavinia"	1		"en"
"em"	1		"en"
"san pedro"	1		"en"
"carlotta carlotta"	1		"en"
"picton"	1		"en"
"black"	1		"en"
"erskine"	1		"en"
"lady clara"	1		"en"
"grove"	1		"en"
"li"	1		"en"
"kenilworth"	1		"en"
"ware"	1		"en"
"place greve"	0	"4 place de l hotel de ville paris france"	"en"
"st denis"	1		"en"
"st genevieve"	1		"en"
"foundling hospital"	1		"en"
"louis xv"	1		"en"
"brennus"	1		"en"
"sind"	1		"en"
"hartz"	0	"hartz mountains"	"en"
"howdy"	1		"en"
"zebulon"	1		"en"
"lillian"	1		"en"
"catharine"	1		"en"
"clara clara clara"	1		"en"
"eyrie"	1		"en"
"winona"	1		"en"
"mass"	1		"en"
"longinus"	1		"en"
"san marco"	1		"en"
"devil"	1		"en"
"alsatia"	1		"en"
"phillis"	1		"en"
"red lion"	1		"en"
"samuel"	1		"en"
"rebecca"	1		"en"
"willard"	1		"en"
"welland"	1		"en"
"throckmorton"	1		"en"
"surinam"	0	"suriname"	"en"
"ophelia"	1		"en"
"murray"	1		"en"
"dolorosa"	1		"en"
"anita"	1		"en"
"lynch"	1		"en"
"nadab"	1		"en"
"jer"	1		"en"
"dantzic"	0	"gdansk poland"	"en"
"colonel beverly"	1		"en"
"catacombs"	1		"en"
"sta"	1		"en"
"santa anna"	1		"en"
"goree"	1		"en"
"longitude"	1		"en"
"cape eternity"	1		"en"
"israel putnam"	1		"en"
"salina"	1		"en"
"honora"	1		"en"
"percy"	1		"en"
"psa"	1		"en"
"eph"	1		"en"
"sands"	1		"en"
"etta"	1		"en"
"sapphira"	1		"en"
"nat"	1		"en"
"owen"	1		"en"
"aurora aurora"	1		"en"
"richmond richmond"	0	"richmond virginia"	"en"
"emerald"	1		"en"
"ridge"	1		"en"
"lisle de lisle"	1		"en"
"stuart"	1		"en"
"huldah"	1		"en"
"eglantine"	1		"en"
"welby"	1		"en"
"eulalia"	1		"en"
"south pass"	1		"en"
"patroon"	1		"en"
"maine law"	1		"en"
"glendale"	1		"en"
"castle"	1		"en"
"smiley"	1		"en"
"kittery"	1		"en"
"st croix"	1		"en"
"minot"	1		"en"
"strait"	1		"en"
"ion"	1		"en"
"st johnsbury"	1		"en"
"hendrick hudson"	1		"en"
"olney"	1		"en"
"lycidas"	1		"en"
"fannin"	1		"en"
"monte"	1		"en"
"zerah"	1		"en"
"metamoras"	1		"en"
"pulaski"	1		"en"
"breckenridge"	1		"en"
"rosecrans"	1		"en"
"south park"	1		"en"
"washington washington washington"	1		"en"
"magnolia"	1		"en"
"papal states"	0	"italy"	"en"
"lucina"	1		"en"
"annunciation"	1		"en"
"san carlo"	1		"en"
"st sophia"	1		"en"
"miggles"	1		"en"
"overland"	1		"en"
"lower town"	1		"en"
"californian"	1		"en"
"kanaka"	1		"en"
"koran"	1		"en"
"tauris"	0	"crimea ukraine"	"en"
"virginia esq "	1		"en"
"mokelumne"	0	"mokelumne hill"	"en"
"cleaveland"	0	"cleveland"	"en"
"lollards"	1		"en"
"san jago"	1		"en"
"garron"	1		"en"
"woodbine"	1		"en"
"mrs gray"	1		"en"
"old port"	1		"en"
"turkey turkey"	0	"turkey"	"en"
"boston massachusetts"	1		"en"
"inquisition"	1		"en"
"harrodsburgh"	0	"harrodsburg"	"en"
"northern ohio"	0	"ohio"	"en"
"squaw"	1		"en"
"tudor"	1		"en"
"gorham"	1		"en"
"middle street"	1		"en"
"harrow"	1		"en"
"st maria"	1		"en"
"senora"	1		"en"
"pico"	1		"en"
"juba juba"	1		"en"
"theodora"	1		"en"
"noo york"	0	"new york city ny"	"en"
"uncle ebenezer"	1		"en"
"aurelia"	1		"en"
"silvia"	1		"en"
"palest"	1		"en"
"lord fairfax"	1		"en"
"lowland"	1		"en"
"fort cumberland"	0	"cumberland md"	"en"
"jackson"	1		"en"
"london esq "	1		"en"
"lady augusta"	1		"en"
"pendleton"	1		"en"
"wendover"	1		"en"
"strafford"	1		"en"
"mosby"	1		"en"
"selma"	1		"en"
"westover"	1		"en"
"st george channel"	1		"en"
"earle"	1		"en"
"hollywood"	1		"en"
"sweeny"	1		"en"
"presbyterian church"	1		"en"
"warrenton springs"	0	"warrenton"	"en"
"north carolinian"	1		"en"
"louis xiv "	1		"en"
"roslyn"	1		"en"
"estelle"	1		"en"
"st ann"	1		"en"
"romish"	1		"en"
"wyndham"	1		"en"
"lord huntington"	1		"en"
"st john wood"	1		"en"
"london bart "	1		"en"
"lavington"	0	"lavington england"	"en"
"lacy"	1		"en"
"tamworth"	1		"en"
"whin"	1		"en"
"sybil"	1		"en"
"eda"	1		"en"
"rutherford"	1		"en"
"oakwood"	1		"en"
"erin"	1		"en"
"colombia"	0	"columbia"	"en"
"fuller"	1		"en"
"roscommon"	1		"en"
"hermione"	1		"en"
"sarah"	1		"en"
"herman"	1		"en"
"little britain"	1		"en"
"meredith"	1		"en"
"riverside"	1		"en"
"galignani"	1		"en"
"blithedale"	1		"en"
"pinewood"	1		"en"
"wight"	0	"isle of wight"	"en"
"zuleika"	1		"en"
"adelaide adelaide adelaide adelaide"	1		"en"
"hollister"	1		"en"
"harrisburgh"	0	"harrisburg"	"en"
"thyatira"	0	"akhisar turkey"	"en"
"pontius pilate"	1		"en"
"galatia"	1		"en"
"church england"	1		"en"
"pembroke"	1		"en"
"new boston"	1		"en"
"aunt maria"	1		"en"
"aztecs"	1		"en"
"pepita"	1		"en"
"south church"	1		"en"
"cremona"	1		"en"
"marshall"	1		"en"
"grange"	1		"en"
"augusta augusta"	1		"en"
"holloa"	1		"en"
"rainsford"	1		"en"
"great britian"	0	"great britain"	"en"
"sibyl"	1		"en"
"laurens"	1		"en"
"cloisterham"	1		"en"
"durdles"	1		"en"
"head haven"	1		"en"
"gate house"	1		"en"
"billickin"	1		"en"
"datchery"	1		"en"
"sapsea"	1		"en"
"italian"	1		"en"
"gonzalvo"	1		"en"
"garden eden"	1		"en"
"st elizabeth"	1		"en"
"sherwood"	1		"en"
"ruby"	1		"en"
"loretto"	1		"en"
"old homestead"	1		"en"
"tara"	1		"en"
"miss fairfield"	1		"en"
"allah"	1		"en"
"granby"	1		"en"
"paulo"	1		"en"
"ashburton"	1		"en"
"shiloah"	1		"en"
"bradford"	1		"en"
"lowndes"	1		"en"
"sylvia"	1		"en"
"austin austin"	1		"en"
"waverly"	1		"en"
"st catharines"	1		"en"
"ninetta"	1		"en"
"paladin"	1		"en"
"gulietta"	1		"en"
"larne"	1		"en"
"ferris"	1		"en"
"aunt augusta"	1		"en"
"rosetta"	1		"en"
"grand lodge"	1		"en"
"willow glen"	1		"en"
"redwood"	1		"en"
"colonel belleville"	1		"en"
"fredonia"	1		"en"
"morton"	1		"en"
"peacham"	1		"en"
"westville"	1		"en"
"lord grey"	1		"en"
"western africa"	0	"africa"	"en"
"pesth"	0	"budapest hungary"	"en"
"paterson"	1		"en"
"palm tree"	1		"en"
"san cristoval"	1		"en"
"terry"	1		"en"
"russell square"	1		"en"
"vivia"	1		"en"
"leicester leicester"	1		"en"
"uncle simon"	1		"en"
"wilford"	1		"en"
"lida"	1		"en"
"county new york"	1		"en"
"zilpha"	1		"en"
"quincy"	1		"en"
"khorassan"	0	"iran"	"en"
"st catherine"	1		"en"
"cove"	1		"en"
"city hospital"	1		"en"
"palatinate"	1		"en"
"valentia"	1		"en"
"bon homme richard"	1		"en"
"rothsay"	1		"en"
"aunt lois"	1		"en"
"lord strafford"	1		"en"
"walworth"	1		"en"
"monrovia"	0	"monrovia liberia"	"en"
"estella"	1		"en"
"sedgefield"	1		"en"
"goblin"	1		"en"
"upper california"	0	"california usa"	"en"
"san pablo"	1		"en"
"amerika"	0	"united states"	"en"
"old manse"	1		"en"
"miss florence"	1		"en"
"crissy"	1		"en"
"massaroni"	1		"en"
"mungo"	1		"en"
"amerikin"	1		"en"
"thekla"	1		"en"
"alba"	1		"en"
"st barnabas"	1		"en"
"aunt clara"	1		"en"
"scio"	1		"en"
"ahab"	1		"en"
"sea gull"	1		"en"
"elephanta"	1		"en"
"china china"	1		"en"
"pequod"	1		"en"
"los angelos"	1		"en"
"tula"	1		"en"
"wilhelmina"	1		"en"
"wyoming valley"	0	"wyoming"	"en"
"leoline"	1		"en"
"valle"	1		"en"
"brierly"	1		"en"
"monte rosa"	0	"monte rosa switzerland"	"en"
"west coast"	0	"#west usa"	"en"
"southwest"	0	"#west usa"	"en"
"midwest"	0	"#midwest usa"	"en"
"middle west"	0	"#midwest usa"	"en"
"east coast"	0	"#east usa"	"en"
"southern states"	0	"#south usa"	"en"
"far west"	0	"#west usa"	"en"
"dixie"	0	"#south usa"	"en"
"northern states"	0	"#north usa"	"en"
"western states"	0	"#west usa"	"en"
"eastern states"	0	"#east usa"	"en"
"new england states"	0	"#new england usa"	"en"
"plains"	0	"#west usa"	"en"
"gulf states"	0	"#south usa"	"en"
"atlantic states"	0	"#east usa"	"en"
"cotton states"	0	"#south usa"	"en"
"new england"	0	"#new england usa"	"en"
"yankeedom"	0	"#north usa"	"en"
"confederate states"	0	"#south usa"	"en"
"union"	0	"#north usa"	"en"
"confederacy"	0	"#south usa"	"en"
"south west"	0	"#west usa"	"en"
"free states"	0	"#north usa"	"en"
"secessia"	0	"#south usa"	"en"
"new england new england"	0	"#new england usa"	"en"
"great west"	0	"#west usa"	"en"
"slave states"	0	"#south usa"	"en"
"east"	1	"#east usa"	"en"
"west"	1	"#west usa"	"en"
"north"	1	"#north usa"	"en"
"south"	1	"#south usa"	"en"
